path	bytes	sha256
.abai/attest.json	355	4a26979905b92de331317d95fe8fb663255bc934547214f93be7f9f7b4dfe3b6
.gitignore	371	23f799d1e27cd0c5e849515db207663df4ede58c0bc87cb52958c37b7a276474
CITATION.cff	666	5739cbcd90a68f997848955ec69f1422b75b91a372cde4acfa1f0ce1301ca4fe
LICENSE	1083	f51fb2d3ff217998c9ecedd2276808fc232e70cae59de49b2ff9773ca8cdae46
README.md	10469	58e13a5032834f165d613b192f0e44de143a10be972b92cbb40363c6864e55f2
catalog/manifest.json	6398	812be0428ba1c52404289f1df3d223e5a7bac880e32c2699e1898928474a224d
catalog/pmco/PMM-01.json	7516	33cd9fa65d23d9f348c097903401dc3354ea7e0d0cc792f2afbeec0a4de38916
catalog/pmco/PMM-02.json	7326	281ed295cee523147cf3163baaec5350d44a44ced6e55732d3e67ef8d05a4140
catalog/pmco/PMM-03.json	5626	4a4a9082ac72fcdbc833a4574de73b3f49448a22a824c28c430eb5f88f6b9c20
catalog/pmco/PMM-04.json	6364	8dd8ce3f7de0b2822a78fa0a4de445a47b0ce047721db02408b3b5bf1576b3df
catalog/pmco/PMM-05.json	5554	7d69f079df58af834bf6b0d5e26bd1fcdbe25421effc99c956f76e5ff634fd1c
catalog/pmco/PMM-06.json	6714	c5bd19d67d12d9f5748f5ad05bfa69db9cac0757b87480e69469bde4b2759eed
catalog/pmco/PMM-07.json	6299	703b32c2d4a1d8107f9a39085f810affc0191b2063e2c4bcd1d869bed54802c0
catalog/pmco/PMM-08.json	4610	6a65c10397298789b0286c4f79b9290223fb93a54e8be54f1b9512209332e4dc
catalog/pmco/PMM-09.json	5451	e701385ebc81c0efd53b764b9f0628c58fbeebdd901b13b9342b9bcdd00b2fdb
catalog/pmco/PMM-10.json	5770	f357b37ccda6c7669c08c6d3daa6c8f84e9d0adb9b593177967aed3318c49395
docs/.nojekyll	0	e3b0c44298fc1c149afbf4c8996fb92427ae41e4649b934ca495991b7852b855
docs/comparative.html	32250	2ff6b5fbeaf46869a7234712b4411fd575c942ccd9173ac8d484920441469101
docs/digital_doubles.html	99862	62dc3bf4928710b61bb334b331b74a4e128aeb37856ed9dead0d9a41e4fcf900
docs/index.html	47795	aeedf695bd6e3ffed43007c6c75507da47d358ad6c06fd9a4629593726c77f1b
docs/maps/PMM-01-dark.svg	29305	aa2df186da1c32a870d46ebaa3cca6213d2e5bc301ce45c5ceb076dc1c68a7bd
docs/maps/PMM-01.sbgn	7409	20e7b6334b09d5f3bdcf9bbceafcce36feba5a96156f9013fab437994792271f
docs/maps/PMM-01.svg	29306	7110438acd1b8a6149d9e9ff19907d147f7bea290133d21ab6c9696f45acc498
docs/maps/PMM-02-dark.svg	26137	bdc09619cc25ef4b98e33cb60adcd48adc9a42f302cc66a033f82a6f600a56d6
docs/maps/PMM-02.sbgn	7308	a12e6d95d55ee053aa55062f810616ee7911baeafd65d28e696e519c86ac270b
docs/maps/PMM-02.svg	26138	866c18b22a65c6331011aa0b6c5f31196d4b15c3d86de115b59e6b658482f108
docs/maps/PMM-03-dark.svg	21722	a4322fab986d28d49f52c4cb3c58df6e409de6a7154311c88a8a86ccc41d414a
docs/maps/PMM-03.sbgn	5412	ff8fc0bb4e402fac5b1fe637a6604673c789086ee941de4f753e8c63c03e74f7
docs/maps/PMM-03.svg	21723	3091dd187fd0262cf54adcb5254058a2638cac76bff5be688996fd35f626efe2
docs/maps/PMM-04-dark.svg	23234	57fcc354f2dd3c37bd4c9b19d9eb627663fc6eb2ab7ff390edaf762717b920b4
docs/maps/PMM-04.sbgn	6077	e3313bfdbe056307fcd3533612229d49bdb1e5a708699ba833212aa9d6b4a858
docs/maps/PMM-04.svg	23235	81a16c077ef7d4468d4489766cfe02af9d645f7b5f062727effd57593bbf3752
docs/maps/PMM-05-dark.svg	23402	c7f8e7c0878411417ebe76f006cb60b9175e6c4a384dc44935acd1dbea3c9188
docs/maps/PMM-05.sbgn	5812	ffd1b413e3621dceea7c6b3633780e4dcb367549e0aa38a7ccb8be120698e933
docs/maps/PMM-05.svg	23403	91b132980a6f27f6623d3ed1bc79c19ed839b68f3467bc4082d6d1c25850a352
docs/maps/PMM-06-dark.svg	23652	16a68d14cd99ec775e8ea76944260ca7ead93df91d6eee5bb27403697cd31d0c
docs/maps/PMM-06.sbgn	6603	faa5a9a60b024e13a0b04799185d131182dae5a4a16943984c80c4dc0a2f095c
docs/maps/PMM-06.svg	23653	5a8e2df4e513ea423369c0cfd7354f2bcde6fc40f981b8b130f78dda4d9b588f
docs/maps/PMM-07-dark.svg	22652	a02986a12584b6dd81e84744b6a72b424ef924040130aa30c9e2c504a40de28c
docs/maps/PMM-07.sbgn	6102	d27f411eb9d516984ffb6973c35e4dd71ceae804b91b47b6754b8e0030e31795
docs/maps/PMM-07.svg	22653	7e47b060faad85046c5adaf5e09457395e815a258522d520da775ef8dd7632c7
docs/maps/PMM-08-dark.svg	20222	50dbacd5279764cca87e5340e599a0b209d08a5614bdd37b58933dfe6c257a96
docs/maps/PMM-08.sbgn	4975	ac2b1d92aa4d66b7bf0cf2c20c6c8c5cdccf4c8f3d8dacb4010ebe80b5f32f39
docs/maps/PMM-08.svg	20223	927d78cf69a8cd88d8e9c48add47d265d832906bbe6d6b0e79992a0d0c5fbb83
docs/maps/PMM-09-dark.svg	22230	dc3670d64eaf4ddabe438281f4aab4247461e87150a1829ccffacd7d6992a9c9
docs/maps/PMM-09.sbgn	5323	a7f4632eb1814ce19b64714b30018532d4e68d45fbe4dc2de771ade80e133702
docs/maps/PMM-09.svg	22231	edec6c97859c7869ecab11a622a51667cc68fc6eccb347229ced5117e4c0eadb
docs/maps/PMM-10-dark.svg	22839	0a66cd3e071ffda20eaeb0dda864835d54b2135bca44f4b09c708b181235cda6
docs/maps/PMM-10.sbgn	6066	56d1f98c4bf3cd94f999dfe63bdc213881a96d26db759819cde37c4e28c1b5c0
docs/maps/PMM-10.svg	22840	de99de51ba0370029b372544359fd119c0af40442f040c7fd90eb3b8e54eb0cc
docs/osdr_projections.html	95403	4d4fdc3ab5ee23780d9a2f3eeff6da6a29c335fdfb14da6742b70309e67be286
docs/retrograde.html	55457	bd7e8dbe7d126dcc4bf761a471460b6bac133d143229f7edf19a30ba54f593f9
docs/suba_localization.html	38123	365a6eb3b1e69e878aa348e38575c080d0693f2833778b2cf2f6968772047223
evidence/references.yaml	8168	e06760f9fc4a99e053d7a3a069c21bc6ad836a4dc25bd8c3877324faabffefaf
maps/src/PMM-01_mitochondrial_plant_oxphos.yaml	5412	24389596250039ce7c1598615b5971f1f3a3460127eb888083978d2f58195279
maps/src/PMM-02_chloroplast_light_metabolism.yaml	4980	a00768e861cb09b4c5625b883697d19e03c0a2c8c9401b75311ec70b67551edb
maps/src/PMM-03_nuclear_retrograde_command.yaml	4351	d9e92d4208fa9d135bf7d861e66a45033f52f28bfce666af14a2446f3190f5ea
maps/src/PMM-04_plasma_membrane_sensing_wave.yaml	4600	a00702b3d93294b35b8d54986114821fc5bc34c73eb266242a8868ea7a0226e2
maps/src/PMM-05_mito_nuclear_retrograde_mrr.yaml	4494	2f266d0f0bb30c508faed0bc504bb1111ca6c109886393031fd00c8de9438a33
maps/src/PMM-06_plasto_nuclear_retrograde_prr.yaml	5157	ce778bea19596b803642a89d17af9f2c7ae262e636a21baaadbce8f8d661723c
maps/src/PMM-07_photorespiration_three_organelle.yaml	5129	9b7e9dcf77162cc381f9cb8feced5dfe5699085c6ed063d045649554b93ee50d
maps/src/PMM-08_stromule_contact_sites.yaml	4015	d5b80280674ee2131f61c29dc8408a37eed29bd5e68148262e61c9b673504117
maps/src/PMM-09_mitocarta_mammalian_vs_plant.yaml	4853	55b7231d64ada60208cd401a49a7e1f44cefe61b2594c46644d5ac1439654d1f
maps/src/PMM-10_integrated_four_double_atlas.yaml	5083	a7c25aeb41ec650e568f3d9c2ce054340e3eb110c3a845d62ea8f55f5b8f2590
ontology/entities/chloroplast_etc.yaml	9804	b3d05c5ba86b3b1343bc8dbe5d12af37b4ec74727ae3440f6f6b0c1f2f63684a
ontology/entities/contact_sites.yaml	3328	21a6705a9270d76607a70925697ef326f5026d872d472c0d137123f4def41601
ontology/entities/dual_targeted.yaml	2970	996644d71804e9de90553b82d0d164c44f938ee6f7a6f312efc9b5ad8d4643b0
ontology/entities/mitochondria_etc.yaml	13381	2c4af9904f610ccf8f959af3c97be882a1c0f2e10eb6bfa3596a0c14c6fcc5f0
ontology/entities/nucleus_retrograde.yaml	6245	57e83cb107cfd0e9d62c1bc75f6fbf288282e0d6f7770ab586b1153dec2c18e8
ontology/entities/plasma_membrane.yaml	7133	e19c8d68f940cc29350fedfd5184b83488ac1a26f4612dd1081c4e904d8d6bc5
ontology/pmco-core.yaml	9398	83ebd415a15c5b75974f350b1e2ed1f7143450e7470a0ee1acd953bae0c1122c
ontology/schema/entity.schema.json	6984	7079543056ce04d89dfe50faf63c1f9cd1ced417e84394673bab0ff2373c8588
pyproject.toml	718	1df2d8957b8855c16951f82d4226bb771f2724e6286bc7e1bf5d28864a63f53d
requirements.txt	47	334b34d3a14b0054e6c63cc7d66e34c6bde512e3d6f1eca9c25e3a722bf2d357
results/spaceflight_organelle_enrichment.json	931	7e491c8fb339db5806075d0b6463c0358ce7f4de9224c9213a0e3da2922df9a9
results/spaceflight_organelle_report.md	1459	3585d87ecb971d24964b476a9aa5d5c701b3346dfda1e80da43f8c221fc8066b
scripts/build_catalog.py	3306	b33923495272e38183f74658e1e7364b26016028e53c6a0b800e81f2c9a4148e
scripts/build_site.py	163413	3caa76587b5903efcf4c1aa5c2106a70598bf1e46a6abffc35f88cf94b027509
scripts/run_enrichment_tests.py	3544	a083a31c4e15ae7d6f7c3d3ba7227166836537d2a79eb795ee9cd55a2554f643
src/plant_mitocarta/__init__.py	896	bf1a4b9c2b84fa53aa63c6be871986ee32255fe5190090ccdf8a73320773831c
src/plant_mitocarta/compare.py	2317	902a9606dad7aa99b56a8461f4e9c93bb306c491bfb47dd2fb2abf0eef21e073
src/plant_mitocarta/doubles.py	10978	9cc3d63da856069dbbd912027be082bbb7a593c52276c67897a5052e3b0247a6
src/plant_mitocarta/layout.py	10391	9bf8bfeaf7c87e00de0869c9bdc4c15f4f72b706dc5fd7405b99f789d168c944
src/plant_mitocarta/maps.py	10265	e738d53da5b1fe2ec78119a7881365698f1ced571bd2381107a0b4a91d14a1ca
src/plant_mitocarta/mitocarta.py	11837	6da9bfdc6920f1223d1a08052562e97fa458e7975d48efc13c04e6724527d52b
src/plant_mitocarta/ontology.py	10852	f2a763dc97e7be02dd6cd7b72929ae772d447e18c829eb5d047ffbfae70d524e
src/plant_mitocarta/osdr.py	42097	7147c42a81d90b25d5b0b2c88dc864bd611de2281c76ed612821fc57c40107f8
src/plant_mitocarta/project.py	4739	5cfa2b76ebed511c75d18df5b7b009579844f740a081be860064bae25afc005d
src/plant_mitocarta/render.py	19413	fa1a47757992742d27293994d645627d0bd2215600b2f31e47dcb8b5db3a0d21
src/plant_mitocarta/retrograde.py	11097	ea475368e6d1eaafb73c621840fc0b5914714d80e72e695be5b2e64b38846c7d
src/plant_mitocarta/sbgn.py	3615	ce385c8a1267028e46cad7df2f5ab4b1b4508dfda143c42b17385d2bbac11082
src/plant_mitocarta/suba.py	6931	be8eaab1d6e2d5930d2f13926fa0b96e45694ac7d2e920d52ce17bf7d5efd89c
tests/test_doubles.py	1829	df0264b5791ca8a663d34a3b4fd1ac095d5b5ce3bd5d458b4c98958437142636
tests/test_figure_legibility_qc.py	19370	ba21c66cab96797fd6e152ddc6fd0c69ab77150f8fa8b84f33b9e0042454ddcc
tests/test_maps.py	1704	f38c80270506d2ffb2e4ed0242fc3cafde109443e6b558a5e4e3e8a2e302370c
tests/test_mitocarta.py	953	91c03994dc82fcb36ff042900f948c1b7203370f2dcfc1e964f4e6236192baf5
tests/test_ontology.py	1592	7d5bc5ed965e75fa3d1983fe86cfae40c895fa9db9c045c17c901a0d347be0d9
tests/test_osdr.py	2926	77d80abb8e3b8706fc8be84ee074a0e2dfe5d946cc8eead1013d78736023da9f
tests/test_suba.py	1048	5c3d4a6e3b3b2d7517e08f895fbd58d00199e7182ffa8346fa859240e89d27ea
